{
    "ro": {
        "title_mgpt_simple_romania_03": {
            "ro": {
                "mean": 16.864196874596097,
                "median": 8.27986770098463,
                "std": 123.1305845440349
            },
            "md": {
                "mean": 10.790826739377593,
                "median": 8.313526100861708,
                "std": 10.108124637840195
            }
        },
        "content_mgpt_simple_romania_03": {
            "ro": {
                "mean": 5.02570657787572,
                "median": 4.630564244338828,
                "std": 2.166003324384482
            },
            "md": {
                "mean": 5.51198499330066,
                "median": 5.125838675785369,
                "std": 1.910669055923981
            }
        },
        "title_mgpt_simple_romania_04": {
            "ro": {
                "mean": 14.331905281021466,
                "median": 7.587559515394189,
                "std": 85.94124501060966
            },
            "md": {
                "mean": 9.661032331618433,
                "median": 7.567636951534823,
                "std": 9.065418806628958
            }
        },
        "content_mgpt_simple_romania_04": {
            "ro": {
                "mean": 4.7710078849320965,
                "median": 4.424270340800551,
                "std": 2.1582833353532367
            },
            "md": {
                "mean": 5.315328631807096,
                "median": 4.998604404381789,
                "std": 1.8494080855382427
            }
        },
        "title_mgpt_simple_romania_02": {
            "ro": {
                "mean": 17.4263183666769,
                "median": 8.43447771279485,
                "std": 123.18866293609095
            },
            "md": {
                "mean": 11.112475301420178,
                "median": 8.35281691470006,
                "std": 11.19375395811678
            }
        },
        "content_mgpt_simple_romania_02": {
            "ro": {
                "mean": 5.09099668590097,
                "median": 4.69976903371403,
                "std": 2.17509240419626
            },
            "md": {
                "mean": 5.5214532309953075,
                "median": 5.153573992794611,
                "std": 1.9148529958334717
            }
        },
        "content_mgpt_simple_romania_01": {
            "ro": {
                "mean": 5.049890602424981,
                "median": 4.630321522836397,
                "std": 2.1797630744144962
            },
            "md": {
                "mean": 5.506753201403166,
                "median": 5.1248482457911875,
                "std": 1.8838570764870213
            }
        },
        "title_mgpt_simple_romania_01": {
            "ro": {
                "mean": 17.40621360366267,
                "median": 8.40859052057672,
                "std": 116.51632002464238
            },
            "md": {
                "mean": 11.10290879236826,
                "median": 8.508092524710904,
                "std": 11.390041518342372
            }
        },
        "content_mgpt_romanian_romania_03": {
            "ro": {
                "mean": 8.08682314335745,
                "median": 7.501723479469035,
                "std": 3.750474068872397
            },
            "md": {
                "mean": 8.8849103750597,
                "median": 8.145435188826358,
                "std": 3.674312757671066
            }
        },
        "title_mgpt_romanian_romania_03": {
            "ro": {
                "mean": 28.33964176638658,
                "median": 14.473382980102947,
                "std": 137.16629831863068
            },
            "md": {
                "mean": 18.51565537817419,
                "median": 13.414363803257437,
                "std": 41.81526974828634
            }
        },
        "content_mgpt_romanian_romania_04": {
            "ro": {
                "mean": 6.717227977808354,
                "median": 6.275577667814111,
                "std": 3.4753924058161183
            },
            "md": {
                "mean": 7.661060613743144,
                "median": 6.963547513589155,
                "std": 3.388165104516769
            }
        },
        "title_mgpt_romanian_romania_04": {
            "ro": {
                "mean": 21.95352999027665,
                "median": 10.53149818733293,
                "std": 129.76667900028954
            },
            "md": {
                "mean": 14.356489019573706,
                "median": 10.7553283648801,
                "std": 16.033873443097384
            }
        },
        "content_mgpt_romanian_romania_02": {
            "ro": {
                "mean": 8.369227231460734,
                "median": 7.69391566520225,
                "std": 3.7689251146674785
            },
            "md": {
                "mean": 9.077791229854638,
                "median": 8.337709139758479,
                "std": 3.732367331680478
            }
        },
        "title_mgpt_romanian_romania_02": {
            "ro": {
                "mean": 29.402933127646712,
                "median": 15.324364717204613,
                "std": 137.7570574770299
            },
            "md": {
                "mean": 18.85560796326323,
                "median": 14.01368790584735,
                "std": 24.79853309559894
            }
        },
        "title_mgpt_romanian_romania_01": {
            "ro": {
                "mean": 28.729243655490126,
                "median": 14.556493265281317,
                "std": 144.1967617025376
            },
            "md": {
                "mean": 18.680435402231073,
                "median": 13.44534637318448,
                "std": 43.38526636522961
            }
        },
        "content_mgpt_romanian_romania_01": {
            "ro": {
                "mean": 8.111200064945841,
                "median": 7.513141286948068,
                "std": 3.761760516209794
            },
            "md": {
                "mean": 8.896909113136713,
                "median": 8.15740470356769,
                "std": 3.6656140553893204
            }
        }
    },
    "md": {
        "content_mgpt_simple_moldova_03": {
            "ro": {
                "mean": 5.369583410206379,
                "median": 4.7845433655665754,
                "std": 2.523941024134282
            },
            "md": {
                "mean": 5.302260077765803,
                "median": 5.054040889027842,
                "std": 2.024692775916209
            }
        },
        "title_mgpt_simple_moldova_03": {
            "ro": {
                "mean": 19.793458696266466,
                "median": 9.406926283723301,
                "std": 135.52198201415933
            },
            "md": {
                "mean": 10.464405921308588,
                "median": 7.573547716244042,
                "std": 17.520273522541235
            }
        },
        "content_mgpt_simple_moldova_04": {
            "ro": {
                "mean": 5.353315904774945,
                "median": 4.759418581667822,
                "std": 2.4927598704763305
            },
            "md": {
                "mean": 4.9875677540589685,
                "median": 4.756622360267814,
                "std": 1.9931856701101882
            }
        },
        "title_mgpt_simple_moldova_04": {
            "ro": {
                "mean": 19.033439959730277,
                "median": 8.816653867269824,
                "std": 149.74785848899714
            },
            "md": {
                "mean": 8.032801571071392,
                "median": 6.163091642496051,
                "std": 9.060254189793522
            }
        },
        "content_mgpt_simple_moldova_02": {
            "ro": {
                "mean": 5.366635551075597,
                "median": 4.808572250871597,
                "std": 2.5055574211029166
            },
            "md": {
                "mean": 5.345623411505298,