{
    "base": {
        "content": {
            "ro": {
                "mean": 12.338197960157473,
                "median": 10.882472935132764,
                "std": 9.802942837788617
            },
            "md": {
                "mean": 5.931329365144836,
                "median": 5.559269358717861,
                "std": 1.958710578448795
            }
        },
        "title": {
            "ro": {
                "mean": 67.91198424417225,
                "median": 34.339404245761344,
                "std": 322.78297993547375
            },
            "md": {
                "mean": 14.941960305778036,
                "median": 9.999424612102192,
                "std": 23.797524399727916
            }
        }
    },
    "mgpt-romanian": {
        "content": {
            "01": {
                "md": {
                    "mean": 8.606123254007285,
                    "median": 8.042217858572023,
                    "std": 3.9788539240922574
                },
                "ro": {
                    "mean": 8.111200064945841,
                    "median": 7.513141286948068,
                    "std": 3.761760516209794
                }
            },
            "02": {
                "md": {
                    "mean": 8.822428825536022,
                    "median": 8.256223520132407,
                    "std": 4.054256929316245
                },
                "ro": {
                    "mean": 8.369227231460734,
                    "median": 7.69391566520225,
                    "std": 3.7689251146674785
                }
            },
            "03": {
                "md": {
                    "mean": 8.59927954124577,
                    "median": 8.031350188647835,
                    "std": 4.00393151849305
                },
                "ro": {
                    "mean": 8.08682314335745,
                    "median": 7.501723479469035,
                    "std": 3.750474068872397
                }
            },
            "04": {
                "md": {
                    "mean": 7.151034270713215,
                    "median": 6.617878637085701,
                    "std": 3.6853151322085793
                },
                "ro": {
                    "mean": 6.717227977808354,
                    "median": 6.275577667814111,
                    "std": 3.4753924058161183
                }
            }
        },
        "title": {
            "01": {
                "md": {
                    "mean": 21.836041153484032,
                    "median": 11.639900802223405,
                    "std": 233.22645748947485
                },
                "ro": {
                    "mean": 28.729243655490126,
                    "median": 14.556493265281317,
                    "std": 144.1967617025376
                }
            },
            "02": {
                "md": {
                    "mean": 24.012184629122395,
                    "median": 12.329411263792043,
                    "std": 280.8063704149138
                },
                "ro": {
                    "mean": 29.402933127646712,
                    "median": 15.324364717204613,
                    "std": 137.7570574770299
                }
            },
            "03": {
                "md": {
                    "mean": 19.696338085329828,
                    "median": 11.611823606735975,
                    "std": 159.44515697728073
                },
                "ro": {
                    "mean": 28.33964176638658,
                    "median": 14.473382980102947,
                    "std": 137.16629831863068
                }
            },
            "04": {
                "md": {
                    "mean": 11.402800606739893,
                    "median": 8.334960049260728,
                    "std": 14.676482268701085
                },
                "ro": {
                    "mean": 21.95352999027665,
                    "median": 10.53149818733293,
                    "std": 129.76667900028954
                }
            }
        }
    },
    "mgpt-xl": {
        "content": {
            "01": {
                "md": {
                    "mean": 5.2988192273860895,
                    "median": 5.058729123622218,
                    "std": 2.0252854972489476
                },
                "ro": {
                    "mean": 5.049890602424981,
                    "median": 4.630321522836397,
                    "std": 2.1797630744144962
                }
            },
            "02": {
                "md": {
                    "mean": 5.345623411505298,
                    "median": 5.103645029035819,
                    "std": 2.053772656461686
                },
                "ro": {
                    "mean": 5.09099668590097,
                    "median": 4.69976903371403,
                    "std": 2.17509240419626
                }
            },
            "03": {
                "md": {
                    "mean": 5.302260077765803,
                    "median": 5.054040889027842,
                    "std": 2.024692775916209
                },
                "ro": {
                    "mean": 5.02570657787572,
                    "median": 4.630564244338828,
                    "std": 2.166003324384482
                }
            },
            "04": {
                "md": {
                    "mean": 4.9875677540589685,
                    "median": 4.756622360267814,
                    "std": 1.9931856701101882
                },
                "ro": {
                    "mean": 4.7710078849320965,
                    "median": 4.424270340800551,
                    "std": 2.1582833353532367
                }
            }
        },
        "title": {
            "01": {
                "md": {
                    "mean": 10.4836246358635,
                    "median": 7.6971410830234746,
                    "std": 14.668494815320406
                },
                "ro": {
                    "mean": 17.40621360366267,
                    "median": 8.40859052057672,
                    "std": 116.51632002464238
                }
            },
            "02": {
                "md": {
                    "mean": 10.293395799934592,
                    "median": 7.777162165453051,
                    "std": 10.615548034757307
                },
                "ro": {
                    "mean": 17.4263183666769,
                    "median": 8.43447771279485,
                    "std": 123.18866293609095
                }
            },
            "03": {
                "md": {
                    "mean": 10.464405921308588,
                    "median": 7.573547716244042,
                    "std": 17.520273522541235
                },
                "ro": {
                    "mean": 16.864196874596097,
                    "median": 8.27986770098463,
                    "std": 123.1305845440349
                }
            },
            "04": {
                "md": {
                    "mean": 8.032801571071392,
                    "median": 6.163091642496051,
                    "std": 9.060254189793522
                },
                "ro": {
                    "mean": 14.331905281021466,
                    "median": 7.587559515394189,
                    "std": 85.94124501060966
                }
            }
        }
    }
}