{
    "xl": {
        "ro": {
            "01": {
                "accuracy": 0.6581005586592179,
                "precision": 0.6581005586592179,
                "recall": 1.0,
                "f1_score": 0.793800539083558
            },
            "02": {
                "accuracy": 0.6581005586592179,
                "precision": 0.6581005586592179,
                "recall": 1.0,
                "f1_score": 0.793800539083558
            },
            "03": {
                "accuracy": 0.6581005586592179,
                "precision": 0.6581005586592179,
                "recall": 1.0,
                "f1_score": 0.793800539083558
            },
            "04": {
                "accuracy": 0.6581005586592179,
                "precision": 0.6581005586592179,
                "recall": 1.0,
                "f1_score": 0.793800539083558
            }
        },
        "md": {
            "04": {
                "accuracy": 0.6893854748603352,
                "precision": 0.6912669126691267,
                "recall": 0.9541595925297114,
                "f1_score": 0.8017118402282454
            },
            "03": {
                "accuracy": 0.6759776536312849,
                "precision": 0.6704675028506272,
                "recall": 0.99830220713073,
                "f1_score": 0.8021828103683493
            },
            "01": {
                "accuracy": 0.6770949720670391,
                "precision": 0.6708428246013668,
                "recall": 1.0,
                "f1_score": 0.8029993183367417
            }
        }
    },
    "ro": {
        "ro": {},
        "md": {}
    }
}