{
    "xl": {
        "ro": {
            "01": {
                "accuracy": 0.6662857142857143,
                "precision": 0.6662857142857143,
                "recall": 1.0,
                "f1_score": 0.7997256515775034
            },
            "02": {
                "accuracy": 0.6662857142857143,
                "precision": 0.6662857142857143,
                "recall": 1.0,
                "f1_score": 0.7997256515775034
            },
            "03": {
                "accuracy": 0.6662857142857143,
                "precision": 0.6662857142857143,
                "recall": 1.0,
                "f1_score": 0.7997256515775034
            },
            "04": {
                "accuracy": 0.6662857142857143,
                "precision": 0.6662857142857143,
                "recall": 1.0,
                "f1_score": 0.7997256515775034
            }
        },
        "md": {
            "04": {
                "accuracy": 0.6788571428571428,
                "precision": 0.6747685185185185,
                "recall": 1.0,
                "f1_score": 0.8058051140290255
            },
            "03": {
                "accuracy": 0.6662857142857143,
                "precision": 0.6662857142857143,
                "recall": 1.0,
                "f1_score": 0.7997256515775034
            },
            "01": {
                "accuracy": 0.6662857142857143,
                "precision": 0.6662857142857143,
                "recall": 1.0,
                "f1_score": 0.7997256515775034
            }
        },
        "base": {
            "accuracy": 0.6662857142857143,
            "precision": 0.6662857142857143,
            "recall": 1.0,
            "f1_score": 0.7997256515775034
        }
    },
    "ro": {
        "ro": {},
        "md": {
            "03": {
                "accuracy": 0.6788571428571428,
                "precision": 0.6747685185185185,
                "recall": 1.0,
                "f1_score": 0.8058051140290255
            },
            "04": {
                "accuracy": 0.6811428571428572,
                "precision": 0.6771561771561772,
                "recall": 0.9965694682675815,
                "f1_score": 0.806384455239417
            }
        },
        "base": {
            "accuracy": 0.6662857142857143,
            "precision": 0.6662857142857143,
            "recall": 1.0,
            "f1_score": 0.7997256515775034
        }
    }
}