{
    "xl": {
        "ro": {
            "01": {
                "accuracy": 0.6581005586592179,
                "precision": 0.6581005586592179,
                "recall": 1.0,
                "f1_score": 0.793800539083558
            },
            "02": {
                "accuracy": 0.6581005586592179,
                "precision": 0.6581005586592179,
                "recall": 1.0,
                "f1_score": 0.793800539083558
            },
            "03": {
                "accuracy": 0.6581005586592179,
                "precision": 0.6581005586592179,
                "recall": 1.0,
                "f1_score": 0.793800539083558
            },
            "04": {
                "accuracy": 0.6581005586592179,
                "precision": 0.6581005586592179,
                "recall": 1.0,
                "f1_score": 0.793800539083558
            }
        },
        "md": {
            "04": {
                "accuracy": 0.6893854748603352,
                "precision": 0.6912669126691267,
                "recall": 0.9541595925297114,
                "f1_score": 0.8017118402282454
            },
            "03": {
                "accuracy": 0.6759776536312849,
                "precision": 0.6704675028506272,
                "recall": 0.99830220713073,
                "f1_score": 0.8021828103683493
            },
            "01": {
                "accuracy": 0.6770949720670391,
                "precision": 0.6708428246013668,
                "recall": 1.0,
                "f1_score": 0.8029993183367417
            },
            "02": {
                "accuracy": 0.6726256983240223,
                "precision": 0.6697247706422018,
                "recall": 0.9915110356536503,
                "f1_score": 0.7994524298425736
            }
        },
        "base": {
            "accuracy": 0.6581005586592179,
            "precision": 0.6581005586592179,
            "recall": 1.0,
            "f1_score": 0.793800539083558
        }
    },
    "ro": {
        "ro": {
            "04": {
                "accuracy": 0.6581005586592179,
                "precision": 0.6581005586592179,
                "recall": 1.0,
                "f1_score": 0.793800539083558
            },
            "02": {
                "accuracy": 0.6581005586592179,
                "precision": 0.6581005586592179,
                "recall": 1.0,
                "f1_score": 0.793800539083558
            },
            "01": {
                "accuracy": 0.6581005586592179,
                "precision": 0.6581005586592179,
                "recall": 1.0,
                "f1_score": 0.793800539083558
            },
            "03": {
                "accuracy": 0.6581005586592179,
                "precision": 0.6581005586592179,
                "recall": 1.0,
                "f1_score": 0.793800539083558
            }
        },
        "md": {
            "03": {
                "accuracy": 0.6893854748603352,
                "precision": 0.6951066499372648,
                "recall": 0.9405772495755518,
                "f1_score": 0.7994227994227994
            },
            "04": {
                "accuracy": 0.7106145251396648,
                "precision": 0.7405247813411079,
                "recall": 0.8624787775891342,
                "f1_score": 0.7968627450980392
            },
            "02": {
                "accuracy": 0.6849162011173184,
                "precision": 0.6865127582017011,
                "recall": 0.9592529711375212,
                "f1_score": 0.8002832861189801
            },
            "01": {
                "accuracy": 0.6882681564245811,
                "precision": 0.69375,
                "recall": 0.9422750424448217,
                "f1_score": 0.7991360691144709
            }
        },
        "base": {
            "accuracy": 0.6581005586592179,
            "precision": 0.6581005586592179,
            "recall": 1.0,
            "f1_score": 0.793800539083558
        }
    }
}